id,category,operation,shape,semantic_qualification,numpy_median_ns,cnumpy_median_ns,cnumpy_over_numpy,winner,numpy_cv,cnumpy_cv,numpy_p95_ns,cnumpy_p95_ns
absolute/f64/1000,unary,absolute,1000,N/A,1146.81396484375,19308.203125,16.836386473224266,NumPy,0.06918409587212318,0.1113523215164007,1224.8065185546875,21384.794921875
absolute/f64/10000,unary,absolute,10000,N/A,3800.9765625,20585.25390625,5.415780278505729,NumPy,0.062314230738617235,0.10650514547273504,3982.9541015625,24107.9296875
absolute/f64/100000,unary,absolute,100000,N/A,50045.703125,375725.0,7.507637550051905,NumPy,0.10995933559218285,0.07682139505707325,59412.18749999999,408974.53125
absolute/f64/1000000,unary,absolute,1000000,N/A,2626275.0,2720812.5,1.0359968015535312,NumPy,0.1372852372784585,0.09085040294854671,3349930.0,3218721.2499999995
add/f64/1000,binary,add,1000,N/A,1030.7342529296875,16112.646484375,15.632202421310373,NumPy,0.09581637003806258,0.08571891746423473,1140.323486328125,18204.912109375
add/f64/10000,binary,add,10000,N/A,4279.6142578125,17420.263671875,4.070521926146509,NumPy,0.10826858960105364,0.046834215236083006,5114.809570312499,19282.333984375
add/f64/100000,binary,add,100000,N/A,72620.3125,127840.625,1.7603976160251307,NumPy,0.10031131337405101,0.16406755536721881,86829.31640624999,174751.95312499997
add/f64/1000000,binary,add,1000000,N/A,2770625.0,2584750.0,0.9329122490412813,cnumpy,0.07130152515396397,0.04659318229697505,3113208.75,2726380.0
add_into/f64/1000,preallocated,add_into,1000,N/A,862.6434326171875,7631.25,8.846354949747232,NumPy,0.127138400830732,0.0729391100900592,1061.4096069335938,8490.3759765625
add_into/f64/10000,preallocated,add_into,10000,N/A,3604.79736328125,11054.443359375,3.066592167420125,NumPy,0.14586405932734348,0.1147826068556691,4831.032714843749,12506.958007812498
add_into/f64/100000,preallocated,add_into,100000,N/A,63813.0859375,84078.125,1.3175687049886295,NumPy,0.06269546882767704,0.11176065384312797,73049.62890625,94648.6328125
add_into/f64/1000000,preallocated,add_into,1000000,N/A,1271500.0,1318225.0,1.036747935509241,NumPy,0.08548025014185806,0.09391576081194974,1408397.5,1594176.875
allclose/f64/1000,comparison,allclose,1000,N/A,28678.90625,8818.505859375,0.3074910103789261,cnumpy,0.11478593600102983,0.09384691122117271,34179.84375,10155.3564453125
allclose/f64/10000,comparison,allclose,10000,N/A,48501.3671875,32557.12890625,0.6712620858787003,cnumpy,0.08984564255053136,0.08039325130391674,53573.57421875,35200.95703125
allclose/f64/100000,comparison,allclose,100000,N/A,1873093.75,259550.0,0.13856754366939722,cnumpy,0.11289430967025998,0.15962516368883148,2174246.8749999995,334649.21875
allclose/f64/1000000,comparison,allclose,1000000,N/A,21760700.0,2706050.0,0.12435491505328414,cnumpy,0.08950394193935565,0.05886968376377924,25459060.0,2947410.0
angle/f64/1000,unary,angle,1000,N/A,11558.69140625,19381.93359375,1.6768276712768564,NumPy,0.06509602275757574,0.08938722101568373,13221.2646484375,21792.55859375
angle/f64/10000,unary,angle,10000,N/A,98046.875,36249.609375,0.36971713147410357,cnumpy,0.11152925331579115,0.10759754482663189,115098.4375,43015.37109374999
angle/f64/100000,unary,angle,100000,N/A,809887.5,225033.59375,0.27785784291028076,cnumpy,0.04432405883233144,0.1369360138562717,865281.25,273439.14062499994
angle/f64/1000000,unary,angle,1000000,N/A,10413250.0,3483975.0,0.334571339399323,cnumpy,0.06424504076312883,0.08521539840434113,11324135.0,3711346.25
arange/f64/1000,creation,arange,1000,N/A,1641.595458984375,18071.923828125,11.008755981394934,NumPy,0.07156146509571217,0.07077217134047878,1808.3245849609375,19512.6513671875
arange/f64/10000,creation,arange,10000,N/A,9587.98828125,20039.599609375,2.09007343579715,NumPy,0.11862046725140708,0.0723205519773297,11718.537597656246,21695.2392578125
arange/f64/100000,creation,arange,100000,N/A,79585.546875,79564.453125,0.9997349550159763,cnumpy,0.0740572257527874,0.09209793449627492,89938.828125,94953.0859375
arange/f64/1000000,creation,arange,1000000,N/A,3516100.0,2086143.75,0.5933118369784705,cnumpy,0.08017075942199581,0.04069368614110535,3908523.75,2251844.375
argmax/f64/1000,reduction,argmax,1000,numpy-1.25/task6-reduction-v1,2076.96533203125,8937.7685546875,4.30328249434306,NumPy,0.07851014174559047,0.049305446252494105,2337.3773193359375,9469.638671875
argmax/f64/10000,reduction,argmax,10000,numpy-1.25/task6-reduction-v1,5636.1328125,27561.9140625,4.890217278303358,NumPy,0.13298404728196844,0.07966351847159783,7184.533691406249,30651.435546874996
argmax/f64/100000,reduction,argmax,100000,numpy-1.25/task6-reduction-v1,47771.09375,208739.84375,4.369584771125321,NumPy,0.13433025658080533,0.09025875221332548,58559.68749999999,242837.73437499997
argmax/f64/1000000,reduction,argmax,1000000,numpy-1.25/task6-reduction-v1,567026.5625,1962131.25,3.4603868315251987,NumPy,0.11769647114324068,0.047745164055194515,712909.375,2108271.875
argpartition/f64/10000,sorting,argpartition,10000,N/A,72192.1875,136875.78125,1.8959916022769083,NumPy,0.18336519459826864,0.08122734782703174,87800.68359374999,154324.53125
argpartition/f64/1000000,sorting,argpartition,1000000,N/A,17255050.0,14921350.0,0.8647526376336203,cnumpy,0.09879017385225983,0.1001191514464559,20252390.0,19091525.0
argpartition_nan/f64/10000,sorting,argpartition_nan,10000,N/A,160740.625,51508.3984375,0.320444184147598,cnumpy,0.1356499119751246,0.0946227866093665,186298.203125,60142.71484375
argpartition_nan/f64/1000000,sorting,argpartition_nan,1000000,N/A,17256900.0,9349050.0,0.5417572101594145,cnumpy,0.15758433741130418,0.057701836866658175,23774980.0,10249364.999999998
argsort/f64/1000,sorting,argsort,1000,numpy-1.25/task7-sort-set-v1,20966.796875,100977.34375,4.816059618071728,NumPy,0.1597911801017159,0.12016797393177853,27855.078125,125183.86718749997
argsort/f64/10000,sorting,argsort,10000,numpy-1.25/task7-sort-set-v1,759812.5,1396912.5,1.8384963395574565,NumPy,0.07380506174697102,0.11165509376105744,836317.4999999999,1542893.125
argsort/f64/100000,sorting,argsort,100000,numpy-1.25/task7-sort-set-v1,8705950.0,16014350.0,1.8394718554551772,NumPy,0.09137651890113861,0.0670975934200895,10362714.999999998,18234670.0
argsort/f64/1000000,sorting,argsort,1000000,numpy-1.25/task7-sort-set-v1,100412500.0,207418400.0,2.065663139549359,NumPy,0.06041842321786645,0.05558805878665311,109947510.0,225638320.0
argsort_heapsort/f64/10000,sorting,argsort_heapsort,10000,numpy-1.25/task7-sort-set-v1,1178775.0,2120375.0,1.7987953595894042,NumPy,0.10106379243895111,0.08715868785513547,1354518.1249999998,2485478.1249999995
argsort_heapsort/f64/1000000,sorting,argsort_heapsort,1000000,numpy-1.25/task7-sort-set-v1,368056300.0,644928700.0,1.752255565249121,NumPy,0.05095799694498354,0.09401549737081344,394980970.0,753498910.0
argsort_mergesort/f64/10000,sorting,argsort_mergesort,10000,numpy-1.25/task7-sort-set-v1,443576.5625,372989.0625,0.8408673812652128,cnumpy,0.10697220237418827,0.07221520695718964,512929.21874999994,418770.0
argsort_mergesort/f64/1000000,sorting,argsort_mergesort,1000000,numpy-1.25/task7-sort-set-v1,73647400.0,37115400.0,0.5039607643990147,cnumpy,0.0842523332282742,0.019068920559942186,87435740.0,37743860.0
argsort_stable/f64/10000,sorting,argsort_stable,10000,numpy-1.25/task7-sort-set-v1,440051.5625,331173.4375,0.7525787105914434,cnumpy,0.08863920827768124,0.0769286507643796,476948.74999999994,370118.125
argsort_stable/f64/1000000,sorting,argsort_stable,1000000,numpy-1.25/task7-sort-set-v1,81478700.0,38646400.0,0.4743129185909937,cnumpy,0.08692422129976411,0.036934067811682444,94091180.0,40654140.0
argsort_stable_nan/f64/10000,sorting,argsort_stable_nan,10000,numpy-1.25/task7-sort-set-v1,262012.5,323828.125,1.2359262439769094,NumPy,0.1268853483803814,0.0535093727503338,319057.03124999994,349585.78125
argsort_stable_nan/f64/1000000,sorting,argsort_stable_nan,1000000,numpy-1.25/task7-sort-set-v1,55137600.0,35984200.0,0.6526254316473695,cnumpy,0.07783287671547034,0.07529640788830672,63248510.0,41120989.99999999
atleast_1d/f64/1000,shape,atleast_1d,1000,N/A,417.94891357421875,16324.755859375,39.05921352867944,NumPy,0.13751158716344403,0.07188956341062291,526.0881042480468,18134.8486328125
atleast_1d/f64/10000,shape,atleast_1d,10000,N/A,451.5380859375,17783.251953125,39.38372533117059,NumPy,0.10785486167587019,0.124551388148053,532.2769165039061,22140.576171875
atleast_1d/f64/100000,shape,atleast_1d,100000,N/A,422.7783203125,19204.150390625,45.4236877057227,NumPy,0.11438757559209661,0.07065453067004097,490.7267761230469,21568.30078125
atleast_1d/f64/1000000,shape,atleast_1d,1000000,N/A,449.67193603515625,16911.962890625,37.609558292076265,NumPy,0.11585694136738124,0.0945627764554148,578.2919311523438,19484.619140624996
atleast_2d/f64/1000,shape,atleast_2d,1000,N/A,623.822021484375,18399.267578125,29.494418190534894,NumPy,0.08297495862359545,0.14932014645325073,755.751953125,24386.640625
atleast_2d/f64/10000,shape,atleast_2d,10000,N/A,660.870361328125,18621.77734375,28.177655457761112,NumPy,0.06790617347016757,0.08696873451003624,740.5206298828125,21415.8203125
atleast_2d/f64/100000,shape,atleast_2d,100000,N/A,716.8701171875,20281.298828125,28.29145523277594,NumPy,0.06923467167525608,0.10528373204798838,789.8529052734375,22845.737304687496
atleast_2d/f64/1000000,shape,atleast_2d,1000000,N/A,778.814697265625,19465.0390625,24.993158360827895,NumPy,0.1923123764920363,0.10795746162832603,1150.1217651367188,22758.6279296875
atleast_3d/f64/1000,shape,atleast_3d,1000,N/A,796.954345703125,18836.81640625,23.63600438069126,NumPy,0.08695958098539362,0.16012516507712654,895.3958129882811,23458.291015625
atleast_3d/f64/10000,shape,atleast_3d,10000,N/A,850.006103515625,23650.048828125,27.82338706782034,NumPy,0.1632373125649951,0.26165652777816684,1091.557922363281,32475.13183593749
atleast_3d/f64/100000,shape,atleast_3d,100000,N/A,806.1126708984375,20122.0703125,24.96185835917122,NumPy,0.155041825547836,0.23737243509927594,1000.6698608398436,31675.771484374993
atleast_3d/f64/1000000,shape,atleast_3d,1000000,N/A,843.8507080078125,24266.69921875,28.757100027846793,NumPy,0.11809056922130909,0.1300886753823639,1000.1031494140624,27681.62109375
average/f64/1000,reduction,average,1000,numpy-1.25/task6-reduction-v1,14334.66796875,24293.1640625,1.6947141095601108,NumPy,0.2197917985531293,0.13088851343264685,19908.613281249996,30140.244140625
average/f64/10000,reduction,average,10000,numpy-1.25/task6-reduction-v1,21956.25,41540.625,1.8919726729291204,NumPy,0.11813827273722771,0.15241756316208008,26087.34375,53582.44140625
average/f64/100000,reduction,average,100000,numpy-1.25/task6-reduction-v1,163210.15625,207760.15625,1.272960954291103,NumPy,0.08794421177813809,0.14647004016182902,193101.95312499997,260545.15624999997
average/f64/1000000,reduction,average,1000000,numpy-1.25/task6-reduction-v1,4664700.0,4825300.0,1.0344287949921753,NumPy,0.12144591404505706,0.07309269548412808,5943673.75,5521297.5
bitwise_and/i64/1000,bitwise,bitwise_and,1000,N/A,1185.72998046875,16333.49609375,13.775055335358006,NumPy,0.08229868433121199,0.04776441773604745,1355.3207397460938,17576.1572265625
bitwise_and/i64/10000,bitwise,bitwise_and,10000,N/A,5590.6982421875,24304.296875,4.34727395794668,NumPy,0.11673274668102772,0.08460755692753932,7135.844726562498,27935.175781249996
bitwise_and/i64/100000,bitwise,bitwise_and,100000,N/A,72963.0859375,142635.9375,1.9549054931994185,NumPy,0.05852050276333363,0.10132209305161925,79365.33203125,166832.6171875
bitwise_and/i64/1000000,bitwise,bitwise_and,1000000,N/A,2623375.0,2889612.5,1.1014866345833134,NumPy,0.04917898603036675,0.06305894989459009,2806707.5,3276922.5
bitwise_or/i64/1000,bitwise,bitwise_or,1000,N/A,1207.598876953125,17575.341796875,14.55395672544768,NumPy,0.09209726126904304,0.09673297640050617,1432.0391845703125,20459.5166015625
bitwise_or/i64/10000,bitwise,bitwise_or,10000,N/A,6622.7783203125,26905.76171875,4.062609439338812,NumPy,0.09348850391533838,0.12351022685511483,7437.96875,31686.376953125
bitwise_or/i64/100000,bitwise,bitwise_or,100000,N/A,83392.578125,154402.734375,1.8515164999882896,NumPy,0.06810230199210113,0.08555019343343075,88691.25,184062.5390625
bitwise_or/i64/1000000,bitwise,bitwise_or,1000000,N/A,2504256.25,3169037.5,1.2654605534078232,NumPy,0.05122102560191088,0.2019320091535554,2673967.5,4476145.0
bitwise_xor/i64/1000,bitwise,bitwise_xor,1000,N/A,1146.484375,18311.62109375,15.971976149914822,NumPy,0.18459767200944505,0.12459969068003998,1523.395385742187,23404.306640625
bitwise_xor/i64/10000,bitwise,bitwise_xor,10000,N/A,5549.8779296875,29728.80859375,5.356659906828609,NumPy,0.0659415293252067,0.09435564372131654,6213.4033203125,33947.880859375
bitwise_xor/i64/100000,bitwise,bitwise_xor,100000,N/A,76456.0546875,158685.9375,2.075518258803694,NumPy,0.11765220588914356,0.12286087937528879,92150.078125,190123.90625
bitwise_xor/i64/1000000,bitwise,bitwise_xor,1000000,N/A,2689362.5,2733575.0,1.0164397696480114,NumPy,0.11338837937077696,0.1059271392071899,3366475.0,3494093.75
bridge/c_contiguous_cached,bridge,c_contiguous_cached,scalar,N/A,107.7911376953125,7157.0068359375,66.39698762775686,NumPy,0.1224119638834039,0.10783913592219437,128.7285614013672,9038.99169921875
bridge/f_contiguous_cached,bridge,f_contiguous_cached,scalar,N/A,101.39083862304688,6648.2177734375,65.57020203920388,NumPy,0.13472794925174916,0.09314232427629987,125.54759979248047,7960.4931640625
bridge/nbytes_cached,bridge,nbytes_cached,scalar,N/A,80.74455261230469,6246.5576171875,77.36196950870944,NumPy,0.08936838018876568,0.06427128747579014,92.04793930053711,6713.57421875
bridge/property_cached,bridge,property_cached,scalar,N/A,72.18513488769531,6123.681640625,84.83300128415834,NumPy,0.15783475425529112,0.12055650394549905,98.81675720214844,7524.2333984375
bridge/property_call,bridge,property_call,scalar,N/A,78.00941467285156,14099.0234375,180.73489586644303,NumPy,0.10890314549736789,0.0750589259778693,92.15404510498047,16096.381835937498
bridge/static_add_call,bridge,static_add_call,scalar,N/A,653.7841796875,8389.404296875,12.832069905522985,NumPy,0.1415061361053992,0.1011156589250034,831.4089965820311,9979.12109375
choice_weighted/f64/1000000,random,choice_weighted,1000000,numpy-1.25/task10-random-choice-v1,37537700.0,29847400.0,0.7951312946717567,cnumpy,0.08483417759556817,0.06519350123621347,40337120.0,33268349.999999996
cholesky/f64/128x128,linalg,cholesky,128x128,N/A,2464300.0,213250.0,0.08653573022765085,cnumpy,0.07277478716632366,0.10653401662459386,2721366.25,255299.453125
cholesky/f64/32x32,linalg,cholesky,32x32,N/A,8376.6845703125,22782.421875,2.7197421227656515,NumPy,0.1083812491056321,0.06480361762459676,9884.86328125,25337.978515625
cholesky/f64/512x512,linalg,cholesky,512x512,N/A,18389950.0,7784750.0,0.42331545218991895,cnumpy,0.08597558191358627,0.08501520113197461,21572305.0,8697437.5
compress/f64/1000,indexing,compress,1000,N/A,5263.916015625,26304.4921875,4.997133713649645,NumPy,0.06987622736589327,0.06566976740003495,5649.27734375,29636.11328125
compress/f64/10000,indexing,compress,10000,N/A,29648.046875,119753.515625,4.039170476554368,NumPy,0.055975083242790664,0.08456495259273454,32162.98828125,137749.1015625
compress/f64/100000,indexing,compress,100000,N/A,262760.9375,999062.5,3.8021728400934784,NumPy,0.10730050928017305,0.12922473994880576,313425.62499999994,1312415.3125
compress/f64/1000000,indexing,compress,1000000,N/A,4361787.5,12757500.0,2.9248329956468533,NumPy,0.08471634119020978,0.1142531117764656,4742831.25,15314495.0
compress_axis0_block/f64/512x512/axis0,indexing,compress_axis0_block,512x512,N/A,358468.75,366371.875,1.0220469008804811,NumPy,0.08903963493706148,0.13085396919542058,396277.5,491221.71874999994
compress_axis0_strided/f64/512x512/axis0,indexing,compress_axis0_strided,512x512,N/A,1629156.25,1505281.25,0.923963708207853,cnumpy,0.10288651518446812,0.11648768940529722,1987258.75,1651591.8749999998
concatenate/f64/128x128/axis0,shape,concatenate,128x128,N/A,9876.3671875,30966.9921875,3.13546384005379,NumPy,0.10228900628523693,0.11312187547438049,10775.759277343748,37414.453125
concatenate/f64/32x32/axis0,shape,concatenate,32x32,N/A,1896.22802734375,19198.046875,10.124334519985322,NumPy,0.1475346719841938,0.11974441043074309,2521.875610351562,23885.205078125
concatenate/f64/512x512/axis0,shape,concatenate,512x512,N/A,914550.0,1053981.25,1.1524588595484118,NumPy,0.09056595051011367,0.09899313343162701,1099114.375,1239560.3125
convolve/f64/1000,signal,convolve,1000,N/A,4250.09765625,18152.83203125,4.271156453206498,NumPy,0.1163451726496757,0.12763931194496675,5038.37646484375,22576.767578125
convolve/f64/10000,signal,convolve,10000,N/A,25355.46875,36202.44140625,1.4277961793252196,NumPy,0.13986598381160004,0.09258017200084011,31731.142578124996,43417.119140625
convolve/f64/100000,signal,convolve,100000,N/A,215452.34375,299559.375,1.3903741764238757,NumPy,0.07179698627105423,0.10196141198594398,242502.65625,350426.71874999994
convolve/f64/1000000,signal,convolve,1000000,N/A,3458350.0,4093650.0,1.1837003195165325,NumPy,0.06586924219262796,0.1337964712463219,3850052.5,4812140.0
copy/f64/1000,shape,copy,1000,N/A,584.979248046875,16981.982421875,29.03005957659923,NumPy,0.09939888167866986,0.06879534021877395,684.4168090820312,18683.9892578125
copy/f64/10000,shape,copy,10000,N/A,2768.37158203125,18641.89453125,6.733884516171704,NumPy,0.0662449781794941,0.13099075966176463,3051.79443359375,23927.304687499996
copy/f64/100000,shape,copy,100000,N/A,43000.390625,93592.1875,2.1765427276278375,NumPy,0.11766429253635258,0.06337501650687383,50110.3125,101559.375
copy/f64/1000000,shape,copy,1000000,N/A,2160556.25,2056537.5,0.9518555696015782,cnumpy,0.10800690312054881,0.05881533500868417,2606960.625,2326245.0
correlate/f64/1000,signal,correlate,1000,N/A,3522.4853515625,21592.724609375,6.129968602934551,NumPy,0.07546606452786023,0.07049783682565267,3750.528564453125,23148.65234375
correlate/f64/10000,signal,correlate,10000,N/A,28601.3671875,41654.1015625,1.45636749772943,NumPy,0.1350749337941659,0.08721101386015088,32585.91796875,50736.3671875
correlate/f64/100000,signal,correlate,100000,N/A,268367.1875,298598.4375,1.112648831183954,NumPy,0.10019356999010462,0.09106952804177684,313910.9375,359950.3125
correlate/f64/1000000,signal,correlate,1000000,N/A,4076337.5,4047712.5,0.9929777649667134,cnumpy,0.09483609002480435,0.08760334914509393,4542672.5,4471080.0
cos/f64/1000,unary,cos,1000,N/A,5929.4921875,29783.0078125,5.022859777990052,NumPy,0.10413465739319563,0.08477129261187345,6612.01904296875,36039.21875
cos/f64/10000,unary,cos,10000,N/A,50721.484375,140149.21875,2.763113510516223,NumPy,0.11508145200059534,0.06537279618561591,59350.82031249999,152610.9375
cos/f64/100000,unary,cos,100000,N/A,470681.25,1183300.0,2.514015589106216,NumPy,0.08369893936061384,0.07007089849799976,544834.53125,1311921.875
cos/f64/1000000,unary,cos,1000000,N/A,5841700.0,12840200.0,2.1980245476488007,NumPy,0.05178856458200909,0.0991928790457402,6298145.0,15510499.999999998
cumsum/f64/1000,reduction,cumsum,1000,numpy-1.25/task6-reduction-v1,5350.830078125,23710.3515625,4.4311538988000185,NumPy,0.12315489241045163,0.12694959934971908,6742.495117187499,27485.595703125
cumsum/f64/10000,reduction,cumsum,10000,numpy-1.25/task6-reduction-v1,36558.7890625,63670.3125,1.741587020050112,NumPy,0.060757197415305046,0.1158181927787339,39899.66796875,74671.15234375
cumsum/f64/100000,reduction,cumsum,100000,numpy-1.25/task6-reduction-v1,321704.6875,486012.5,1.5107411203015189,NumPy,0.09982881452069972,0.12131182974999283,395548.75,604402.5
cumsum/f64/1000000,reduction,cumsum,1000000,numpy-1.25/task6-reduction-v1,4631175.0,5304937.5,1.1454841373949376,NumPy,0.06918025271563999,0.10005459814865378,5205357.5,6330048.75
cumsum_axis_last/f64/128x128/axis1,reduction,cumsum_axis_last,128x128,numpy-1.25/task6-reduction-v1,53066.6015625,40303.125,0.7594819305044884,cnumpy,0.08309944016338852,0.1372198513436747,59850.99609374999,48903.02734374999
cumsum_axis_last/f64/32x32/axis1,reduction,cumsum_axis_last,32x32,numpy-1.25/task6-reduction-v1,4054.7119140625,18502.83203125,4.563291406000687,NumPy,0.17762770796355784,0.08761522991461596,5473.84033203125,21527.05078125
cumsum_axis_last/f64/512x512/axis1,reduction,cumsum_axis_last,512x512,numpy-1.25/task6-reduction-v1,1302268.75,737265.625,0.5661393817520385,cnumpy,0.07147256803700594,0.09308433331292205,1487712.1875,848932.4999999999
cumsum_into/f64/1000,preallocated,cumsum_into,1000,N/A,5223.2421875,8034.8876953125,1.5382950678682272,NumPy,0.14663462028400248,0.20066822945518556,6551.481933593748,12335.4443359375
cumsum_into/f64/10000,preallocated,cumsum_into,10000,N/A,36219.04296875,15305.56640625,0.4225834023128588,cnumpy,0.07970689175339543,0.09143636357482415,40618.74023437499,17722.158203125
cumsum_into/f64/100000,preallocated,cumsum_into,100000,N/A,335875.0,87393.75,0.2601972459992557,cnumpy,0.08250914847579358,0.06975381614437444,392480.46875,96207.9296875
cumsum_into/f64/1000000,preallocated,cumsum_into,1000000,N/A,3204650.0,996715.625,0.31102167943457165,cnumpy,0.09097983865058389,0.1259199241065444,3825871.2499999995,1255969.3749999998
det/f64/128x128,linalg,det,128x128,N/A,48324400.0,2411768.75,0.049907888147602456,cnumpy,0.32209563559083076,0.11043609357601894,78816490.0,2683280.0
det/f64/32x32,linalg,det,32x32,N/A,14571.19140625,18529.6875,1.2716659182757073,NumPy,0.12360383728930928,0.14729576393694288,16792.744140625,22024.86328125
det/f64/512x512,linalg,det,512x512,N/A,339739600.0,293361600.0,0.8634895667152136,cnumpy,0.2158339888475017,0.03922800006412791,477092259.9999999,316083550.0
digitize/f64/10000,sorting,digitize,10000,N/A,1178050.0,1527362.5,1.2965175501888715,NumPy,0.06025338974888979,0.11498096575540072,1302295.3125,1817909.375
digitize/f64/1000000,sorting,digitize,1000000,N/A,333580500.0,301787300.0,0.9046910715704305,cnumpy,0.04713402796853583,0.06287388063620779,353984640.0,335552359.99999994
digitize_decreasing/f64/10000,sorting,digitize_decreasing,10000,N/A,1253140.625,1517075.0,1.2106183214673134,NumPy,0.07609077544784178,0.09110274296021958,1443657.8125,1768544.9999999998
digitize_decreasing/f64/1000000,sorting,digitize_decreasing,1000000,N/A,336846400.0,344573800.0,1.0229404262595652,NumPy,0.07419020106784974,0.09206300166721149,370839250.0,389763489.99999994
divide/f64/1000,binary,divide,1000,N/A,1445.953369140625,18912.59765625,13.079673286760515,NumPy,0.11714961690292879,0.15275968980582963,1721.806640625,24350.712890624996
divide/f64/10000,binary,divide,10000,N/A,8552.63671875,28005.6640625,3.274506445609107,NumPy,0.11600186291410475,0.120123400956889,10471.787109375,32697.431640624996
divide/f64/100000,binary,divide,100000,N/A,84108.203125,156394.921875,1.8594490913397457,NumPy,0.10775760074127383,0.1250130764196066,98848.14453125,186679.921875
divide/f64/1000000,binary,divide,1000000,N/A,2696300.0,2757975.0,1.0228739383599748,NumPy,0.049231283569557194,0.0986432264799968,2900365.0,3295760.0
divmod/f64/1000,binary,divmod,1000,N/A,21689.404296875,57990.0390625,2.67365752736949,NumPy,0.09732735619087092,0.12314994835760384,24017.290039062496,71483.41796874999
divmod/f64/10000,binary,divmod,10000,N/A,221129.6875,273582.8125,1.2372052599224155,NumPy,0.08276043760282152,0.09091312681460602,243322.421875,324930.390625
divmod/f64/100000,binary,divmod,100000,N/A,2032762.5,2427312.5,1.1940954735243297,NumPy,0.08840166051373789,0.07961232324535758,2374816.25,2731012.5
divmod/f64/1000000,binary,divmod,1000000,N/A,22539200.0,24041900.0,1.066670511819408,NumPy,0.0576976409730112,0.04860705741681033,24917040.0,25982050.0
dot/f64/128x128,linalg,dot,128x128,N/A,1278781.25,500362.5,0.3912807604897241,cnumpy,0.16293708394123407,0.06856406384799188,1739584.3749999998,542226.25
dot/f64/32x32,linalg,dot,32x32,N/A,3767.1142578125,23571.38671875,6.257146745646496,NumPy,0.11389221582965832,0.07384769926899142,4441.737060546874,26707.197265625
dot/f64/512x512,linalg,dot,512x512,N/A,4556587.5,6850675.0,1.5034661355674614,NumPy,0.21184847217767286,0.12606771095635805,6686138.75,8697515.0
eig/f64/128x128,linalg,eig,128x128,numpy-1.25/task9-linalg-v1,3062487.5,11505900.0,3.7570439063016585,NumPy,0.1456595747237068,0.05054256991293584,4039754.9999999995,12486695.0
eig/f64/32x32,linalg,eig,32x32,numpy-1.25/task9-linalg-v1,46151.3671875,224224.21875,4.858452358280962,NumPy,0.14507562714539288,0.12214344448925757,57660.136718749985,290800.85937499994
einsum/f64/128x128,linalg,einsum,128x128,numpy-1.25/task9-linalg-v1,618465.625,518284.375,0.8380164621113744,cnumpy,0.07599440932930265,0.10850513777356566,700961.40625,622430.9375
einsum/f64/32x32,linalg,einsum,32x32,numpy-1.25/task9-linalg-v1,13163.525390625,26539.94140625,2.016172766693003,NumPy,0.10311836597071142,0.11443959775240917,15297.783203125,31999.003906249996
einsum/f64/512x512,linalg,einsum,512x512,numpy-1.25/task9-linalg-v1,37838500.0,5165175.0,0.13650580757693884,cnumpy,0.04504680166978305,0.060932440065982904,40469260.0,5642447.5
equal/f64/1000,comparison,equal,1000,N/A,792.547607421875,15953.564453125,20.1294714711477,NumPy,0.07738734203736414,0.09458473747206744,890.626220703125,18798.789062499996
equal/f64/10000,comparison,equal,10000,N/A,2518.1884765625,26423.73046875,10.493150419312618,NumPy,0.06082880213653494,0.120176878654144,2884.779052734375,30008.095703125
equal/f64/100000,comparison,equal,100000,N/A,40919.7265625,98713.0859375,2.4123593735829965,NumPy,0.11797653151388876,0.11513841263977696,49280.11718749999,112870.859375
equal/f64/1000000,comparison,equal,1000000,N/A,736790.625,1273146.875,1.7279629134803391,NumPy,0.11287142187282877,0.08498658265026676,844521.5624999999,1494044.0625
exp/f64/1000,unary,exp,1000,N/A,6280.2490234375,24734.1796875,3.938407473205851,NumPy,0.08511033326473726,0.1540294781995635,7200.390625,32227.802734375
exp/f64/10000,unary,exp,10000,N/A,56323.6328125,75044.140625,1.3323739410563256,NumPy,0.10944789600977846,0.09869195730796995,65347.91015624999,88210.72265625
exp/f64/100000,unary,exp,100000,N/A,563270.3125,627059.375,1.113247691356004,NumPy,0.10761954994317341,0.06899938308593516,667246.40625,711459.0625
exp/f64/1000000,unary,exp,1000000,N/A,7409600.0,6961725.0,0.9395547667890305,cnumpy,0.08737892823676464,0.12075590913143228,8452282.499999998,8942852.5
expm1/f64/1000,unary,expm1,1000,N/A,7129.58984375,26437.3046875,3.7081101812155,NumPy,0.10682771339613446,0.1667756005758954,8413.9892578125,33031.95312499999
expm1/f64/10000,unary,expm1,10000,N/A,69872.0703125,102517.578125,1.4672182699967855,NumPy,0.10686033624743894,0.13279340091461642,82774.19921875,121257.890625
expm1/f64/100000,unary,expm1,100000,N/A,844271.875,894678.125,1.0597038128268812,NumPy,0.10602087494197808,0.09216335819940127,960528.75,1026176.2499999999
expm1/f64/1000000,unary,expm1,1000000,N/A,8063750.0,8872200.0,1.1002573244458222,NumPy,0.12822985154689479,0.12964464624597616,9817915.0,10859254.999999998
fft/f64/1024,fft,fft,1024,N/A,14533.349609375,65136.5234375,4.481865859435633,NumPy,0.09773519099393335,0.053484511937489695,16259.8388671875,69399.98046875
fft/f64/16384,fft,fft,16384,N/A,248060.9375,911462.5,3.674349170755674,NumPy,0.09436313897226548,0.08710345947080454,286879.84375,1015889.0625
fft/f64/4096,fft,fft,4096,N/A,52521.484375,207496.09375,3.9506898218734894,NumPy,0.11075665540933556,0.08234066550986965,64469.27734374999,238521.5625
fft/f64/65536,fft,fft,65536,N/A,2304356.25,4576025.0,1.9858149103464362,NumPy,0.06452463129638318,0.04326960363617902,2514423.125,4956975.0
flatten/f64/1000,shape,flatten,1000,N/A,919.744873046875,18471.09375,20.082845027241177,NumPy,0.07439080296036958,0.1267304003351699,1020.6463623046874,22017.802734375
flatten/f64/10000,shape,flatten,10000,N/A,3291.27197265625,21474.951171875,6.524818170691452,NumPy,0.10517101830545614,0.07615351455651957,4182.77587890625,23615.1708984375
flatten/f64/100000,shape,flatten,100000,N/A,44588.28125,113970.703125,2.556068543794789,NumPy,0.1480723497617614,0.08744754503837343,57075.72265624999,129104.1015625
flatten/f64/1000000,shape,flatten,1000000,N/A,2248050.0,2171737.5,0.9660539133916061,cnumpy,0.12897047698883163,0.07945186030332757,2855740.0,2406847.5
float_power/f64/1000,binary,float_power,1000,N/A,21896.6796875,36546.484375,1.669042288446272,NumPy,0.16070426444129038,0.09149082208159301,23258.984375,42641.5625
float_power/f64/10000,binary,float_power,10000,N/A,183534.765625,208896.875,1.1381869494241768,NumPy,0.12276872028022925,0.117885425949663,225404.17968749997,241434.53125
float_power/f64/100000,binary,float_power,100000,N/A,1945525.0,1967243.75,1.011163439174516,NumPy,0.15179299225769816,0.17554606936583877,2295033.75,2593946.25
float_power/f64/1000000,binary,float_power,1000000,N/A,21396400.0,19273800.0,0.9007963956553439,cnumpy,0.10035815162234896,0.10984116556232058,25163060.0,23905449.999999996
floor/f64/1000,unary,floor,1000,N/A,914.453125,20148.53515625,22.033425886373344,NumPy,0.1304145520827679,0.12018690642476883,1182.6449584960938,24106.3330078125
floor/f64/10000,unary,floor,10000,N/A,3090.6494140625,19390.4296875,6.273901400551373,NumPy,0.08913382638682112,0.16487745290095304,3459.29443359375,25488.544921874996
floor/f64/100000,unary,floor,100000,N/A,45066.6015625,106591.015625,2.3651886747478774,NumPy,0.07179361009975693,0.0772889329454976,49979.51171875,120358.4765625
floor/f64/1000000,unary,floor,1000000,N/A,2110431.25,2423212.5,1.1482072680642879,NumPy,0.11833589978394131,0.12185938331953265,2756428.125,3142952.4999999995
fmax/f64/1000,binary,fmax,1000,N/A,893.084716796875,17854.78515625,19.992263690602297,NumPy,0.10765467866189996,0.12791430099430112,1110.7513427734375,21208.593749999996
fmax/f64/10000,binary,fmax,10000,N/A,4421.38671875,24007.421875,5.429839867476533,NumPy,0.0773634449733847,0.1290350641701497,4930.079345703125,30796.171875
fmax/f64/100000,binary,fmax,100000,N/A,67224.8046875,182066.40625,2.7083218329357828,NumPy,0.078793546749063,0.09329980377887177,73959.12109375,198636.875
fmax/f64/1000000,binary,fmax,1000000,N/A,2540212.5,2668400.0,1.050463297854018,NumPy,0.07408656825081698,0.0599869831176832,2849917.4999999995,2945228.75
fmin/f64/1000,binary,fmin,1000,N/A,832.3394775390625,18326.07421875,22.017547783428235,NumPy,0.08354236414139664,0.09756125667278022,963.9764404296874,21069.287109375
fmin/f64/10000,binary,fmin,10000,N/A,4193.85986328125,25255.17578125,6.0219407907183875,NumPy,0.05037287546017914,0.13657274438515168,4643.271484375,29276.34765625
fmin/f64/100000,binary,fmin,100000,N/A,74930.078125,128403.125,1.713639278285485,NumPy,0.14664404592822228,0.11750528639497104,103389.06249999999,160506.171875
fmin/f64/1000000,binary,fmin,1000000,N/A,2485675.0,2875500.0,1.1568286280386615,NumPy,0.08770426588715986,0.08048113674121722,3045708.75,3265091.2499999995
gcd/i64/1000,integer,gcd,1000,N/A,22448.046875,47192.7734375,2.102310891468147,NumPy,0.0651939385694,0.09072268691353862,25673.759765624996,52095.60546875
gcd/i64/10000,integer,gcd,10000,N/A,404998.4375,480314.0625,1.185965223631264,NumPy,0.05362004190783596,0.08812933637552071,451241.09375,568323.4375
gcd/i64/100000,integer,gcd,100000,N/A,3771687.5,4426337.5,1.1735695229257461,NumPy,0.08618551563550719,0.09792601524020418,4453982.499999999,4982136.249999999
gcd/i64/1000000,integer,gcd,1000000,N/A,39251500.0,43388900.0,1.1054074366584716,NumPy,0.05296941007002135,0.07336499209170369,42192400.0,49527250.0
heaviside/f64/1000,binary,heaviside,1000,N/A,3415.19775390625,22474.31640625,6.580677906731529,NumPy,0.11811288469066374,0.15380081163788206,4188.240966796874,26471.943359374996
heaviside/f64/10000,binary,heaviside,10000,N/A,24976.171875,35617.96875,1.4260779805752357,NumPy,0.11172245330773395,0.18267813918505116,31430.791015624996,53535.68359375
heaviside/f64/100000,binary,heaviside,100000,N/A,261737.5,181413.28125,0.6931115382778548,cnumpy,0.10036755936909712,0.09944519276761833,310977.265625,208282.73437499997
heaviside/f64/1000000,binary,heaviside,1000000,N/A,3903150.0,2925381.25,0.7494923971663913,cnumpy,0.06876757834036347,0.07467742124973949,4202422.5,3291057.5
imag/f64/1000,unary,imag,1000,N/A,577.7435302734375,17500.0,30.290256979108893,NumPy,0.0909204676728748,0.08045649220923658,678.1182861328125,20226.357421875
imag/f64/10000,unary,imag,10000,N/A,2577.18505859375,22395.5078125,8.689910620822932,NumPy,0.058751056932648094,0.12952049469369717,2719.66064453125,26714.482421875
imag/f64/100000,unary,imag,100000,N/A,19615.8203125,19580.078125,0.9981778897374369,cnumpy,0.08399103494330531,0.1711993473173463,22589.438476562496,28041.572265624996
imag/f64/1000000,unary,imag,1000000,N/A,30034.1796875,50277.734375,1.6740172329702487,NumPy,0.09827948091020579,0.0879635803840813,34049.4140625,60104.4921875
in1d_duplicates/f64/10000,set,in1d_duplicates,10000,numpy-1.25/task7-sort-set-v1,688971.875,681726.5625,0.9894838776982007,cnumpy,0.12602049812733065,0.1004450714438188,802795.625,833720.46875
in1d_duplicates/f64/1000000,set,in1d_duplicates,1000000,numpy-1.25/task7-sort-set-v1,91682600.0,62672700.0,0.6835833626009734,cnumpy,0.0829423679000979,0.050293720551298965,106404359.99999999,68119370.0
intersect1d_duplicates/f64/10000,set,intersect1d_duplicates,10000,numpy-1.25/task7-sort-set-v1,375676.5625,1111984.375,2.9599514209779856,NumPy,0.09604020555118589,0.10467300852591292,454584.375,1385245.9375
intersect1d_duplicates/f64/1000000,set,intersect1d_duplicates,1000000,numpy-1.25/task7-sort-set-v1,39458600.0,122101300.0,3.094415412609672,NumPy,0.09043111745249992,0.05916322285435437,47408420.0,136870930.0
inv/f64/128x128,linalg,inv,128x128,N/A,55090000.0,5620875.0,0.10203076783445271,cnumpy,0.3877959495332812,0.06574016501431404,95970260.0,5949487.5
inv/f64/32x32,linalg,inv,32x32,N/A,2248075.0,108488.671875,0.04825847530665125,cnumpy,0.028359675377350575,0.09834201308296807,2359511.25,127661.953125
inv/f64/512x512,linalg,inv,512x512,N/A,406554500.0,453120000.0,1.1145369194044095,NumPy,0.297506510887076,0.08308390454080943,692425690.0,530614580.0
invert/i64/1000,bitwise,invert,1000,N/A,1011.102294921875,17146.09375,16.95782299784497,NumPy,0.08148469638009223,0.11075466740124477,1113.2241821289062,21381.118164062496
invert/i64/10000,bitwise,invert,10000,N/A,5036.63330078125,20357.470703125,4.041880654676067,NumPy,0.0881626480323771,0.13521626568555858,5719.83642578125,25933.818359374996
invert/i64/100000,bitwise,invert,100000,N/A,49367.3828125,100414.0625,2.0340163237208273,NumPy,0.10308877300926687,0.0957715085679351,57610.91796875,122311.796875
invert/i64/1000000,bitwise,invert,1000000,N/A,2173325.0,2444550.0,1.1247972576581966,NumPy,0.05541714042529385,0.10130305414116757,2418868.125,2903038.1249999995
iscomplexobj/f64/1000,logical,iscomplexobj,1000,N/A,295.97625732421875,5899.5361328125,19.932464131236113,NumPy,0.08614153640621351,0.0882336467635389,341.0454559326172,6570.08544921875
iscomplexobj/f64/10000,logical,iscomplexobj,10000,N/A,335.4034423828125,6080.76171875,18.129693826486513,NumPy,0.11105217240342931,0.0631377213977631,378.78173828125,6604.1796875
iscomplexobj/f64/100000,logical,iscomplexobj,100000,N/A,315.76080322265625,5621.728515625,17.8037566988987,NumPy,0.12119374131099454,0.06618714930002714,383.7046813964843,6218.7890625
iscomplexobj/f64/1000000,logical,iscomplexobj,1000000,N/A,303.9436340332031,6397.802734375,21.049306575297766,NumPy,0.057926928306504574,0.08590310946967493,337.3521423339844,7320.0048828125
isfinite/f64/1000,logical,isfinite,1000,N/A,782.4615478515625,20195.1171875,25.809724762770234,NumPy,0.13649376775983033,0.08594688346187702,1052.723388671875,22125.2734375
isfinite/f64/10000,logical,isfinite,10000,N/A,2608.69140625,25814.84375,9.895706210459327,NumPy,0.16140120846463404,0.27580171275714505,3593.4008789062495,44804.746093749985
isfinite/f64/100000,logical,isfinite,100000,N/A,25409.1796875,75270.1171875,2.962319843191514,NumPy,0.11508282358182753,0.11293219471594376,29295.400390625,90606.25
isfinite/f64/1000000,logical,isfinite,1000000,N/A,558067.1875,586340.625,1.0506631425987574,NumPy,0.13737863888685822,0.19996742456707287,674871.5625,851466.8749999998
isin_duplicates/f64/10000,set,isin_duplicates,10000,numpy-1.25/task7-sort-set-v1,698193.75,677250.0,0.9700029540510783,cnumpy,0.08296102594190112,0.12544842923781727,762928.4375,808669.0624999999
isin_duplicates/f64/1000000,set,isin_duplicates,1000000,numpy-1.25/task7-sort-set-v1,102488200.0,62095300.0,0.6058775546843441,cnumpy,0.07153324772386678,0.05068652260528641,108735050.0,66874959.99999999
isinf/f64/1000,logical,isinf,1000,N/A,799.151611328125,17076.904296875,21.368791672076558,NumPy,0.10196829394369399,0.11202599391640788,910.5944824218749,21657.9833984375
isinf/f64/10000,logical,isinf,10000,N/A,2473.14453125,22775.78125,9.20923988153998,NumPy,0.09680027070475794,0.1288951125705569,3040.04150390625,26954.746093749996
isinf/f64/100000,logical,isinf,100000,N/A,21851.46484375,73521.6796875,3.3646110324054006,NumPy,0.09534384203905176,0.1423074336901756,25605.708007812496,94715.07812499999
isinf/f64/1000000,logical,isinf,1000000,N/A,589357.8125,669959.375,1.1367616765070032,NumPy,0.10281648371556193,0.13261201212286405,677230.15625,862355.6249999999
isnan/f64/1000,logical,isnan,1000,N/A,855.09033203125,19592.724609375,22.91304658167854,NumPy,0.0954801473823572,0.09462319047609175,997.186279296875,22656.9873046875
isnan/f64/10000,logical,isnan,10000,N/A,2445.513916015625,23613.8671875,9.655993790447573,NumPy,0.08193276919519438,0.09983284415255447,2733.8861083984375,28084.599609375
isnan/f64/100000,logical,isnan,100000,N/A,18698.2421875,92350.9765625,4.939019167493602,NumPy,0.10054261529155757,0.1286884379271658,21528.642578124996,117783.84765624999
isnan/f64/1000000,logical,isnan,1000000,N/A,442221.875,833659.375,1.885160870886362,NumPy,0.22277954026971303,0.13645628192312872,679263.28125,957305.9374999999
isrealobj/f64/1000,logical,isrealobj,1000,N/A,502.8839111328125,6381.4453125,12.68969869830385,NumPy,0.15629783815537615,0.15316626175498477,593.9996337890625,7947.402343749999
isrealobj/f64/10000,logical,isrealobj,10000,N/A,497.66998291015625,5935.595703125,11.926770564734955,NumPy,0.11662197194316441,0.14815453514703136,638.6904907226562,7946.752929687499
isrealobj/f64/100000,logical,isrealobj,100000,N/A,460.552978515625,6682.6171875,14.509985819738395,NumPy,0.13574688214474878,0.09976232574725863,619.0348815917969,7588.598632812499
isrealobj/f64/1000000,logical,isrealobj,1000000,N/A,479.60662841796875,6620.6787109375,13.80439368149786,NumPy,0.10820621917027173,0.10766089116601114,567.0973205566406,7456.42578125
isscalar/f64/1000,logical,isscalar,1000,N/A,745.635986328125,6731.5185546875,9.027888511439446,NumPy,0.08884182979777337,0.08530034901768435,857.5985717773438,7819.157714843749
isscalar/f64/10000,logical,isscalar,10000,N/A,687.725830078125,6839.1845703125,9.94463821365496,NumPy,0.13463493830679088,0.1264577711699786,888.8269042968749,7919.250488281249
isscalar/f64/100000,logical,isscalar,100000,N/A,696.49658203125,6989.453125,10.03515782463151,NumPy,0.09476450279640419,0.10961483402066925,832.7630615234375,7610.24169921875
isscalar/f64/1000000,logical,isscalar,1000000,N/A,776.9012451171875,6119.482421875,7.876782873416478,NumPy,0.09647513621600043,0.08115913584536527,900.3485107421874,6898.164062499999
lcm/i64/1000,integer,lcm,1000,N/A,26568.359375,47250.78125,1.7784606336837463,NumPy,0.041415891564297355,0.053434472827285924,28404.492187499996,50618.359375
lcm/i64/10000,integer,lcm,10000,N/A,397867.1875,457245.3125,1.1492410705519664,NumPy,0.1216864826800249,0.06163572895329335,493695.78124999994,512225.46875
lcm/i64/100000,integer,lcm,100000,N/A,4194662.5,4533900.0,1.080873610212979,NumPy,0.11410216635833675,0.0866886939284584,4740550.0,5332446.249999999
lcm/i64/1000000,integer,lcm,1000000,N/A,40789400.0,43088000.0,1.0563528759922922,NumPy,0.058887102162901536,0.10232019867836406,45363860.0,49661969.99999999
left_shift/i64/1000,bitwise,left_shift,1000,N/A,1557.122802734375,21307.470703125,13.683873016121888,NumPy,0.07812858164201718,0.10434384844439261,1796.2713623046875,25456.25
left_shift/i64/10000,bitwise,left_shift,10000,N/A,9480.859375,52913.8671875,5.581125623171687,NumPy,0.16447388891494238,0.11963370573585563,13215.38330078125,65820.48828125
left_shift/i64/100000,bitwise,left_shift,100000,N/A,86474.21875,395989.0625,4.579273085366845,NumPy,0.16617906070224778,0.09923724940969525,118878.4375,459741.71875
left_shift/i64/1000000,bitwise,left_shift,1000000,N/A,3317600.0,5422675.0,1.6345174222329395,NumPy,0.10592754666238875,0.08387466804355022,3947277.4999999995,6011607.5
lexsort/f64/10000,sorting,lexsort,10000,N/A,1167296.875,637550.0,0.5461763957862048,cnumpy,0.04215515992403361,0.07841948470770081,1227787.8125,724172.1875
lexsort/f64/1000000,sorting,lexsort,1000000,N/A,250933300.0,80759700.0,0.32183731692844275,cnumpy,0.06660148358162311,0.06769936743952663,264051130.0,91447580.0
linspace/f64/1000,creation,linspace,1000,N/A,13935.546875,17644.775390625,1.2661702873160476,NumPy,0.16390522978685482,0.11964652916482962,18248.2666015625,20647.40234375
linspace/f64/10000,creation,linspace,10000,N/A,23202.83203125,19520.8984375,0.8413153364731036,cnumpy,0.10810218887217224,0.0587798701330431,26272.28515625,21551.7822265625
linspace/f64/100000,creation,linspace,100000,N/A,114497.265625,91356.640625,0.7978936451129769,cnumpy,0.09875327334103669,0.08972412441918393,132402.03124999997,100838.0859375
linspace/f64/1000000,creation,linspace,1000000,N/A,3796987.5,2250387.5,0.5926770894031124,cnumpy,0.09931834267724621,0.10062038391727088,4497486.25,2569490.0
log/f64/1000,unary,log,1000,N/A,6526.8798828125,23379.296875,3.5820020124111154,NumPy,0.1260454228624579,0.08179761794562486,8298.745117187498,26692.44140625
log/f64/10000,unary,log,10000,N/A,59146.875,69170.3125,1.1694668991387964,NumPy,0.1023742335713856,0.11574076568553364,67695.13671875,85725.27343749999
log/f64/100000,unary,log,100000,N/A,653320.3125,619890.625,0.948831091180867,cnumpy,0.10583232716229932,0.17899913642585424,725251.40625,856709.6875
log/f64/1000000,unary,log,1000000,N/A,6741975.0,8140175.0,1.2073873011988328,NumPy,0.06747120695315925,0.13528116118019645,7566460.0,9687147.5
log10/f64/1000,unary,log10,1000,N/A,6440.625,23126.46484375,3.5907174915089763,NumPy,0.13961923248724173,0.04348451463717167,8131.425781249998,24796.796875
log10/f64/10000,unary,log10,10000,N/A,57213.28125,79542.3828125,1.3902782898420112,NumPy,0.0804440268059937,0.12574111448240882,65629.55078125,96703.69140625
log10/f64/100000,unary,log10,100000,N/A,570725.0,709712.5,1.2435279688115992,NumPy,0.07095127179074143,0.11035326717338584,617705.3125,842176.25
log10/f64/1000000,unary,log10,1000000,N/A,6847575.0,8682550.0,1.267974428903663,NumPy,0.10956839185180299,0.10111926553605119,8679070.0,9991887.5
log1p/f64/1000,unary,log1p,1000,N/A,7577.294921875,25093.06640625,3.3116127410863303,NumPy,0.0710454648603611,0.11656035513857961,8387.78564453125,28674.39453125
log1p/f64/10000,unary,log1p,10000,N/A,77923.4375,105470.3125,1.3535120611176836,NumPy,0.12487352783942235,0.12848623744473403,94942.07031249999,131733.828125
log1p/f64/100000,unary,log1p,100000,N/A,717801.5625,957881.25,1.3344652617693347,NumPy,0.06431228617099682,0.13436674326739978,813607.34375,1164069.0625
log1p/f64/1000000,unary,log1p,1000000,N/A,8630750.0,11028750.0,1.2778437563363554,NumPy,0.12099036037922589,0.09864499076995867,10448994.999999998,12570204.999999998
log2/f64/1000,unary,log2,1000,N/A,8159.619140625,25410.44921875,3.1141709901920303,NumPy,0.0746537489890749,0.13154446332814865,9365.93505859375,31526.318359375
log2/f64/10000,unary,log2,10000,N/A,73941.40625,97423.046875,1.3175709229224999,NumPy,0.10683061239706135,0.14713091823242427,91904.6484375,127971.64062499999
log2/f64/100000,unary,log2,100000,N/A,766300.0,792984.375,1.034822360694245,NumPy,0.06811524529314472,0.06908704368893086,853390.3125,866359.9999999999
log2/f64/1000000,unary,log2,1000000,N/A,9799650.0,9185750.0,0.9373549055323405,cnumpy,0.1442242368130794,0.13455286370259537,12655689.999999998,11242074.999999998
log_softmax/f64/10000,misc_axis,log_softmax,10000,numpy-1.25/task8-misc-axis-v1,90918.359375,163519.53125,1.7985314778454229,NumPy,0.10144203159577796,0.07538965786562457,103747.71484374999,183288.28125
log_softmax/f64/1000000,misc_axis,log_softmax,1000000,numpy-1.25/task8-misc-axis-v1,13101650.0,16397200.0,1.2515370201463174,NumPy,0.08225563394990944,0.11696892184611785,14882580.0,19810900.0
log_softmax_axis0_strided/f64/512x512/axis0,misc_axis,log_softmax_axis0_strided,512x512,numpy-1.25/task8-misc-axis-v1,3680462.5,7181675.0,1.951296881845692,NumPy,0.07071445108734781,0.059832915308314076,4085983.75,7919525.0
log_softmax_axis_last/f64/512x512/axis1,misc_axis,log_softmax_axis_last,512x512,numpy-1.25/task8-misc-axis-v1,3892837.5,5101550.0,1.3104965208540043,NumPy,0.11075194502119759,0.10207566685768026,4343542.5,6341847.499999999
logaddexp/f64/1000,binary,logaddexp,1000,N/A,21958.49609375,47762.3046875,2.175117297814147,NumPy,0.1430706922550608,0.11227971624703208,28147.63671875,55857.36328124999
logaddexp/f64/10000,binary,logaddexp,10000,N/A,188208.59375,257241.40625,1.3667888438277012,NumPy,0.09540115308852681,0.12997949173664766,232022.34374999997,293122.49999999994
logaddexp/f64/100000,binary,logaddexp,100000,N/A,2165131.25,2628800.0,1.2141527216883503,NumPy,0.06486509942240129,0.09226659399023024,2363166.875,3003037.4999999995
logaddexp/f64/1000000,binary,logaddexp,1000000,N/A,23507100.0,27353100.0,1.1636101433184016,NumPy,0.11910138695540569,0.10418247834867127,27586289.999999996,29858340.0
logaddexp2/f64/1000,binary,logaddexp2,1000,N/A,21337.109375,39736.03515625,1.86229701773978,NumPy,0.1261572141635905,0.09785022819174052,24408.14453125,45022.138671875
logaddexp2/f64/10000,binary,logaddexp2,10000,N/A,179887.5,219311.71875,1.2191604127579738,NumPy,0.1472902269855248,0.1061351731871443,237688.98437499997,262441.796875
logaddexp2/f64/100000,binary,logaddexp2,100000,N/A,1954500.0,2011781.25,1.0293073676132003,NumPy,0.08811521868726777,0.10939724519801014,2194750.625,2373003.75
logaddexp2/f64/1000000,binary,logaddexp2,1000000,N/A,20139400.0,19587900.0,0.9726158674041928,cnumpy,0.10713988187381479,0.10141326739392231,24019650.0,23256825.0
logical_and/f64/1000,logical,logical_and,1000,N/A,2034.33837890625,16380.224609375,8.051868253196762,NumPy,0.10678093771448857,0.08575514821859173,2454.28466796875,18696.259765625
logical_and/f64/10000,logical,logical_and,10000,N/A,13834.130859375,27797.16796875,2.0093179868912867,NumPy,0.09927915132480288,0.0865130432979017,16474.228515625,31635.341796875
logical_and/f64/100000,logical,logical_and,100000,N/A,129881.640625,72411.71875,0.5575208197367194,cnumpy,0.06659287689847387,0.15901815428899158,144637.1484375,98813.00781249999
logical_and/f64/1000000,logical,logical_and,1000000,N/A,1555712.5,986443.75,0.6340784367291514,cnumpy,0.06960714756909442,0.1397965784704919,1752299.375,1363622.1875
logical_not/f64/1000,logical,logical_not,1000,N/A,1386.4501953125,18098.388671875,13.053760411347268,NumPy,0.081974198658861,0.12047250475087246,1548.4127807617188,21198.530273437496
logical_not/f64/10000,logical,logical_not,10000,N/A,7885.302734375,19979.296875,2.533738722281737,NumPy,0.1333273208179342,0.1537306827751821,9601.11328125,26702.763671874996
logical_not/f64/100000,logical,logical_not,100000,N/A,68771.09375,55168.1640625,0.8021998932145818,cnumpy,0.1032639580442328,0.09537138729179688,79999.4140625,65278.10546875
logical_not/f64/1000000,logical,logical_not,1000000,N/A,827278.125,542489.0625,0.6557517310154913,cnumpy,0.1159142051217114,0.10812095841270584,1027677.5,615347.5
logical_or/f64/1000,logical,logical_or,1000,N/A,1359.21630859375,20332.6171875,14.959073886139725,NumPy,0.09854137516271164,0.09456968856232477,1550.1025390624998,22699.08203125
logical_or/f64/10000,logical,logical_or,10000,N/A,7398.7060546875,24744.7265625,3.3444667729194095,NumPy,0.12399789851272486,0.09695845811726878,8885.666503906248,29145.830078125
logical_or/f64/100000,logical,logical_or,100000,N/A,68830.078125,86125.390625,1.251275502965296,NumPy,0.07977988017257552,0.19137788298568825,80847.08984375,108699.1015625
logical_or/f64/1000000,logical,logical_or,1000000,N/A,852390.625,1122965.625,1.317430755412168,NumPy,0.11458081432467083,0.1407153430581247,1001808.7499999999,1337302.5
logical_xor/f64/1000,logical,logical_xor,1000,N/A,2097.662353515625,18475.927734375,8.80786543335244,NumPy,0.09732866955686788,0.11250624311851629,2449.04296875,21787.900390624996
logical_xor/f64/10000,logical,logical_xor,10000,N/A,14365.8203125,21543.75,1.4996533112177612,NumPy,0.08978747698855032,0.09256241882594106,16816.11328125,26637.841796875
logical_xor/f64/100000,logical,logical_xor,100000,N/A,136755.859375,74892.578125,0.5476370699381596,cnumpy,0.07109008351857234,0.13639010181716402,155697.9296875,93834.37499999999
logical_xor/f64/1000000,logical,logical_xor,1000000,N/A,1542887.5,841668.75,0.5455153081478721,cnumpy,0.12935962744903004,0.14287665250354542,1981602.5,1110015.625
lstsq/f64/128x128,linalg,lstsq,128x128,numpy-1.25/task9-linalg-v1,101728900.0,27839200.0,0.27366068049492326,cnumpy,0.05304257568124238,0.1289434495393764,111453660.0,35396940.0
lstsq/f64/32x32,linalg,lstsq,32x32,numpy-1.25/task9-linalg-v1,57277.1484375,499365.625,8.718409324181014,NumPy,0.10831453885441233,0.089190451418908,68964.1015625,612263.90625
matmul/f64/128x128,linalg,matmul,128x128,N/A,1244187.5,512067.1875,0.41156753905661325,cnumpy,0.10817403587567322,0.08886807558063768,1444246.8749999998,609449.21875
matmul/f64/32x32,linalg,matmul,32x32,N/A,4807.4462890625,26551.07421875,5.522906054958281,NumPy,0.07999505212707334,0.12107093533163144,5337.431640625,31962.480468749996
matmul/f64/512x512,linalg,matmul,512x512,N/A,4181450.0,6164625.0,1.4742792571954704,NumPy,0.10824898777532806,0.09586967178215637,4928960.0,7241610.0
max/f64/1000,reduction,max,1000,numpy-1.25/task6-reduction-v1,2947.0947265625,10323.974609375,3.503102399907218,NumPy,0.05717547886626182,0.13521878911502927,3274.703369140625,12293.129882812498
max/f64/10000,reduction,max,10000,numpy-1.25/task6-reduction-v1,5191.6748046875,29558.0078125,5.693347315554594,NumPy,0.13063496092621144,0.09006879336370896,6473.625488281248,33933.154296875
max/f64/100000,reduction,max,100000,numpy-1.25/task6-reduction-v1,23837.20703125,207879.6875,8.720807233308616,NumPy,0.11030730851523743,0.08085202055353194,27950.722656249996,239351.32812499997
max/f64/1000000,reduction,max,1000000,numpy-1.25/task6-reduction-v1,267903.90625,2096756.25,7.82652361941811,NumPy,0.16319006717018486,0.09417676995602789,349075.9374999999,2378787.5
maximum/f64/1000,binary,maximum,1000,N/A,999.517822265625,15892.96875,15.900635682488504,NumPy,0.18392924620742748,0.06807457656884655,1332.0062255859373,17752.553710937496
maximum/f64/10000,binary,maximum,10000,N/A,4224.6826171875,22403.02734375,5.302890033113157,NumPy,0.10932772794842227,0.09555214223369028,4791.708984374999,23969.931640625
maximum/f64/100000,binary,maximum,100000,N/A,68616.796875,123539.84375,1.8004315178840822,NumPy,0.10904216009774234,0.07638212880379977,80916.77734374999,141307.30468749997
maximum/f64/1000000,binary,maximum,1000000,N/A,2934125.0,2916850.0,0.994112384441699,cnumpy,0.07090404403433413,0.07530388742170968,3281822.5,3268376.25
mean/f64/1000,reduction,mean,1000,numpy-1.25/task6-reduction-v1,5810.3515625,7927.24609375,1.3643315741705604,NumPy,0.1499869142096014,0.07980097075887502,7048.98193359375,8588.974609375
mean/f64/10000,reduction,mean,10000,numpy-1.25/task6-reduction-v1,8643.6767578125,11928.125,1.379982770551766,NumPy,0.09951113889534483,0.15676633260424214,9290.53955078125,14427.8955078125
mean/f64/100000,reduction,mean,100000,numpy-1.25/task6-reduction-v1,41656.25,45949.4140625,1.1030617029257315,NumPy,0.19471678711788482,0.05944828775280663,60517.871093749985,51511.9921875
mean/f64/1000000,reduction,mean,1000000,numpy-1.25/task6-reduction-v1,483357.8125,590428.125,1.2215135655845017,NumPy,0.13955248999225572,0.1342866365712681,618872.1874999999,747291.5625
min/f64/1000,reduction,min,1000,numpy-1.25/task6-reduction-v1,3323.71826171875,10231.8359375,3.078430580397313,NumPy,0.1506413790395757,0.11003832982582305,3994.677734375,12352.465820312498
min/f64/10000,reduction,min,10000,numpy-1.25/task6-reduction-v1,5380.5908203125,30168.84765625,5.606976754738213,NumPy,0.1618975782411447,0.0767756076619834,6742.197265625,33463.88671875
min/f64/100000,reduction,min,100000,numpy-1.25/task6-reduction-v1,25791.30859375,237333.59375,9.202076462592245,NumPy,0.1306748710222836,0.060310871839045425,31720.478515624996,259026.875
min/f64/1000000,reduction,min,1000000,numpy-1.25/task6-reduction-v1,377328.125,2111400.0,5.595660275787817,NumPy,0.21531570939489977,0.13405556077255731,456607.1875,2785345.625
minimum/f64/1000,binary,minimum,1000,N/A,1024.5849609375,17277.9296875,16.863345009173873,NumPy,0.10663091569198478,0.09208698005155769,1236.2155151367188,19881.66015625
minimum/f64/10000,binary,minimum,10000,N/A,4371.22802734375,20642.7734375,4.722419720127006,NumPy,0.0755545059401122,0.1450811333239002,4981.85546875,27768.603515625
minimum/f64/100000,binary,minimum,100000,N/A,74763.4765625,131225.78125,1.7552124016102866,NumPy,0.05303176531059914,0.11856925793319605,78527.5390625,158862.578125
minimum/f64/1000000,binary,minimum,1000000,N/A,3359375.0,2560000.0,0.7620465116279069,cnumpy,0.12438366253246078,0.0881340257231564,4215661.25,2956337.4999999995
msort/f64/10000,sorting,msort,10000,N/A,658570.3125,1403618.75,2.13131190908336,NumPy,0.08048461330768897,0.10268473099388968,733549.8437499999,1645814.3749999998
msort/f64/1000000,sorting,msort,1000000,N/A,71529300.0,154582200.0,2.161103212250085,NumPy,0.057066473777704456,0.04929481292688174,77534520.0,169977950.0
multiply/f64/1000,binary,multiply,1000,N/A,1010.076904296875,17816.162109375,17.638421424730044,NumPy,0.086421099445104,0.10350157678890895,1102.3397827148438,20479.2333984375
multiply/f64/10000,binary,multiply,10000,N/A,4459.41162109375,21428.7109375,4.805277637107702,NumPy,0.06262771087571753,0.14043048304291844,4620.810546875,26609.726562499993
multiply/f64/100000,binary,multiply,100000,N/A,56607.03125,134762.5,2.3806671543122127,NumPy,0.07763234045148888,0.07407013601547502,66569.43359375,143395.15625
multiply/f64/1000000,binary,multiply,1000000,N/A,2643050.0,2879825.0,1.0895840033294868,NumPy,0.10365406760902078,0.07850462328448068,3252596.2499999995,3234121.25
norm/f64/128x128,linalg,norm,128x128,N/A,732134.375,11101.85546875,0.015163685585381783,cnumpy,0.0730926043733096,0.10804351470605728,852016.5625,13154.584960937498
norm/f64/32x32,linalg,norm,32x32,N/A,2525.91552734375,8499.267578125,3.3648265296752897,NumPy,0.11297329136735473,0.0800627091932782,2822.5286865234375,9305.74951171875
norm/f64/512x512,linalg,norm,512x512,N/A,749096.875,63480.078125,0.08474214783635294,cnumpy,0.08590198817926456,0.1564321982948308,821945.625,85504.3359375
ones/f64/1000,creation,ones,1000,N/A,1864.80712890625,16635.546875,8.920786829443918,NumPy,0.1369022683616661,0.11567400057725817,2379.6484375,19656.333007812496
ones/f64/10000,creation,ones,10000,N/A,3524.35302734375,19970.80078125,5.6665154217827265,NumPy,0.08096488815306037,0.11937263083961146,3961.856689453125,25230.732421875
ones/f64/100000,creation,ones,100000,N/A,25664.35546875,74290.234375,2.8946853726936146,NumPy,0.15202845453672373,0.08678992770260814,33161.83593749999,85233.1640625
ones/f64/1000000,creation,ones,1000000,N/A,2221787.5,1904375.0,0.8571364273135932,cnumpy,0.11661430444953529,0.07785833674196849,2708893.7499999995,2179888.7499999995
packbits/u8/10000,misc_axis,packbits,10000,numpy-1.25/task8-misc-axis-v1,1845.916748046875,20706.25,11.217326036999685,NumPy,0.0881308921777835,0.16192599164751154,2180.111083984375,26985.717773437496
packbits/u8/1000000,misc_axis,packbits,1000000,numpy-1.25/task8-misc-axis-v1,77121.484375,224405.46875,2.9097659435448335,NumPy,0.11065655382272536,0.13870569833070612,90417.26562499999,276320.078125
packbits_axis0_strided/u8/512x512/axis0,misc_axis,packbits_axis0_strided,512x512,numpy-1.25/task8-misc-axis-v1,24348.2421875,201180.46875,8.262628045209885,NumPy,0.16062100865335777,0.11093553401649699,31637.207031249993,235160.0
packbits_axis_last/u8/512x512/axis1,misc_axis,packbits_axis_last,512x512,numpy-1.25/task8-misc-axis-v1,24522.8515625,77985.15625,3.1801014678592194,NumPy,0.1222223617987612,0.1211964029381477,29840.976562499996,92802.2265625
partition/f64/10000,sorting,partition,10000,N/A,40327.734375,147020.3125,3.6456377919197203,NumPy,0.12470088355443888,0.14252768557838377,50417.96875,173539.92187499997
partition/f64/1000000,sorting,partition,1000000,N/A,9784350.0,12215500.0,1.2484733273032955,NumPy,0.12109911965735255,0.10131028211748097,12338004.999999998,14618229.999999998
partition_nan/f64/10000,sorting,partition_nan,10000,N/A,91144.53125,51097.65625,0.5606222946042086,cnumpy,0.11760116193527681,0.07988455841135027,112071.40624999999,56835.87890625
partition_nan/f64/1000000,sorting,partition_nan,1000000,N/A,11405800.0,7227525.0,0.63367102702134,cnumpy,0.06367313542984653,0.04811388445370598,12332595.0,7789432.5
pipeline_batch/f64/1000,pipeline,pipeline_batch,1000,N/A,7914.16015625,8800.6591796875,1.1120142890635605,NumPy,0.22522623835232833,0.08432125332905246,11602.499999999996,10216.85302734375
pipeline_batch/f64/10000,pipeline,pipeline_batch,10000,N/A,23268.1640625,26816.50390625,1.1524976287006958,NumPy,0.11876115067609867,0.13590846786697242,28283.730468749993,31187.539062499993
pipeline_batch/f64/100000,pipeline,pipeline_batch,100000,N/A,279863.28125,229288.28125,0.8192867611138251,cnumpy,0.09425925025134646,0.11492710339802097,330238.671875,281879.6875
pipeline_batch/f64/1000000,pipeline,pipeline_batch,1000000,N/A,4626075.0,3607525.0,0.779824148981588,cnumpy,0.06623922389053583,0.08922632408560736,5249017.5,4070952.5
pipeline_separate/f64/1000,pipeline,pipeline_separate,1000,N/A,7408.740234375,16231.591796875,2.190870685621264,NumPy,0.14037927818398555,0.13749412996459076,9930.3076171875,21562.3095703125
pipeline_separate/f64/10000,pipeline,pipeline_separate,10000,N/A,24580.56640625,31264.35546875,1.271913549591784,NumPy,0.1492845290942691,0.142468753233036,30452.86132812499,40087.37304687499
pipeline_separate/f64/100000,pipeline,pipeline_separate,100000,N/A,259389.84375,252923.4375,0.9750707037850244,cnumpy,0.2109192514406656,0.12161791240807127,355308.5156249998,309992.65625
pipeline_separate/f64/1000000,pipeline,pipeline_separate,1000000,N/A,3396262.5,4468050.0,1.315578521978204,NumPy,0.1714985631378467,0.11001606101992367,5072678.75,5494342.5
power/f64/1000,binary,power,1000,N/A,18063.720703125,39521.875,2.187914419711038,NumPy,0.1312264730078056,0.09827868774756962,22209.702148437493,45412.36328125
power/f64/10000,binary,power,10000,N/A,220882.8125,206535.15625,0.9350440349450005,cnumpy,0.058595005668924637,0.10558361583503226,237822.578125,235613.75
power/f64/100000,binary,power,100000,N/A,2007287.5,2224043.75,1.107984655910028,NumPy,0.10149497051346369,0.10792545519378309,2416603.75,2622696.8749999995
power/f64/1000000,binary,power,1000000,N/A,20085500.0,18842600.0,0.9381195389708994,cnumpy,0.09699387880547544,0.1027366347430113,24069030.0,22853534.999999996
prod/f64/1000,reduction,prod,1000,numpy-1.25/task6-reduction-v1,5139.6240234375,8286.42578125,1.6122630261401583,NumPy,0.14535415750324984,0.056227319803980054,6316.503906249999,9060.00244140625
prod/f64/10000,reduction,prod,10000,numpy-1.25/task6-reduction-v1,17883.3984375,22257.12890625,1.2445693129320796,NumPy,0.09322524111294024,0.06610014905300018,20869.150390624996,24992.08984375
prod/f64/100000,reduction,prod,100000,numpy-1.25/task6-reduction-v1,150092.96875,156402.34375,1.0420364461609732,NumPy,0.08539198360307487,0.05052809904247093,180459.6875,167590.8203125
prod/f64/1000000,reduction,prod,1000000,numpy-1.25/task6-reduction-v1,1452312.5,1488506.25,1.024921461462323,NumPy,0.056534305923828916,0.13560821788794314,1650763.125,1867919.9999999993
random/f64/1000,creation,random,1000,N/A,3927.42919921875,19741.9921875,5.026695883257961,NumPy,0.12985221422550414,0.1292788703626513,4867.073974609374,25680.625
random/f64/10000,creation,random,10000,N/A,25213.37890625,50134.375,1.9884036640393516,NumPy,0.11849526384600863,0.0903917200987235,32804.6875,56807.65624999999
random/f64/100000,creation,random,100000,N/A,288300.0,439337.5,1.5238900450919182,NumPy,0.13158739547152365,0.1043966341166908,345708.75,491367.34375
random/f64/1000000,creation,random,1000000,N/A,4138637.5,5109975.0,1.23469982572767,NumPy,0.12196377834233146,0.09069821128145988,5172883.749999999,5634330.0
real/f64/1000,unary,real,1000,N/A,226.15966796875,15013.0859375,66.38268473039348,NumPy,0.11920187439861893,0.0827979151386619,277.8802490234375,16488.0419921875
real/f64/10000,unary,real,10000,N/A,208.77304077148438,14317.08984375,68.57729231151536,NumPy,0.08792452696994457,0.08275803582942133,230.93490600585938,17024.033203125
real/f64/100000,unary,real,100000,N/A,217.30422973632812,15071.044921875,69.35458614938997,NumPy,0.12999660408729338,0.0680395594981565,263.4095764160156,16054.0576171875
real/f64/1000000,unary,real,1000000,N/A,206.0272216796875,16117.1875,78.22843684732858,NumPy,0.11518464233822014,0.13255813677726572,235.9595489501953,20177.529296874996
real_if_close/f64/1000,unary,real_if_close,1000,N/A,7483.251953125,19697.265625,2.632179933053629,NumPy,0.14154317688992318,0.06842120366048492,9154.753417968748,21450.078125
real_if_close/f64/10000,unary,real_if_close,10000,N/A,14246.875,37157.2265625,2.6080966220662427,NumPy,0.13204335731213693,0.11204680526649567,17431.8115234375,43410.76171875
real_if_close/f64/100000,unary,real_if_close,100000,N/A,110677.734375,216458.59375,1.9557555543790919,NumPy,0.0989989030657694,0.17213686519621246,129128.71093749999,278645.46875
real_if_close/f64/1000000,unary,real_if_close,1000000,N/A,4264687.5,2339612.5,0.5486011577636111,cnumpy,0.04703713033443071,0.15192130182999686,4443830.0,2981931.2499999995
reshape/f64/1000,shape,reshape,1000,N/A,296.1883544921875,18015.8203125,60.82555252176601,NumPy,0.09952871830591932,0.1292625177462417,348.2780456542969,22113.6083984375
reshape/f64/10000,shape,reshape,10000,N/A,320.9678649902344,16901.46484375,52.657809978155406,NumPy,0.09730703381849913,0.09111685852298343,387.9071044921875,20056.34765625
reshape/f64/100000,shape,reshape,100000,N/A,300.7965087890625,18013.671875,59.88657231268706,NumPy,0.12413620192910883,0.1275323075414783,335.29174804687494,22907.783203125
reshape/f64/1000000,shape,reshape,1000000,N/A,389.86663818359375,16876.806640625,43.28866588650622,NumPy,0.12858250636358962,0.07412992442816778,487.8419494628906,18429.169921875
right_shift/i64/1000,bitwise,right_shift,1000,N/A,1572.3876953125,22544.3359375,14.337644592811117,NumPy,0.19132224500981823,0.11540397947701794,2182.1490478515625,27676.9873046875
right_shift/i64/10000,bitwise,right_shift,10000,N/A,8831.3232421875,77608.984375,8.787922517008495,NumPy,0.1237802126237665,0.1323900095082395,11102.90771484375,88713.41796875
right_shift/i64/100000,bitwise,right_shift,100000,N/A,82319.53125,517609.375,6.287807609448699,NumPy,0.21396974892978995,0.13904668287507368,122629.5703125,653894.2187499998
right_shift/i64/1000000,bitwise,right_shift,1000000,N/A,2601031.25,6051625.0,2.3266252568091983,NumPy,0.07947294396203329,0.0773620808016373,3103815.625,6835212.5
searchsorted/f64/10000,sorting,searchsorted,10000,N/A,1219278.125,1380831.25,1.1324989940256658,NumPy,0.08383929781278675,0.09846679201868828,1399512.1875,1611725.0
searchsorted/f64/1000000,sorting,searchsorted,1000000,N/A,340992800.0,305900600.0,0.897088149661811,cnumpy,0.10756937533349913,0.08133364585073166,394995980.0,366575770.0
searchsorted_right/f64/10000,sorting,searchsorted_right,10000,N/A,1184462.5,1298034.375,1.095884736747681,NumPy,0.06112028461542886,0.0388618141778707,1316925.0,1393775.625
searchsorted_right/f64/1000000,sorting,searchsorted_right,1000000,N/A,319904900.0,304680100.0,0.9524083563584053,cnumpy,0.06903419277258864,0.07998082447450516,345436960.0,341229259.99999994
setdiff1d_duplicates/f64/10000,set,setdiff1d_duplicates,10000,numpy-1.25/task7-sort-set-v1,398473.4375,1140500.0,2.8621732157491677,NumPy,0.09014615487433035,0.15733484886240476,450411.40625,1412317.4999999995
setdiff1d_duplicates/f64/1000000,set,setdiff1d_duplicates,1000000,numpy-1.25/task7-sort-set-v1,36765200.0,127598900.0,3.4706434345522394,NumPy,0.07735463900719304,0.06574361886164132,43478129.99999999,142759860.0
setxor1d_duplicates/f64/10000,set,setxor1d_duplicates,10000,numpy-1.25/task7-sort-set-v1,374193.75,1224618.75,3.2726862754923083,NumPy,0.10231844924698597,0.10666314354197011,460636.25,1474816.5625
setxor1d_duplicates/f64/1000000,set,setxor1d_duplicates,1000000,numpy-1.25/task7-sort-set-v1,42308400.0,119944900.0,2.8350138506774067,NumPy,0.0944167460136703,0.04221375578031655,47895159.99999999,131622600.0
signbit/f64/1000,logical,signbit,1000,N/A,756.134033203125,18889.55078125,24.981749202889777,NumPy,0.15554860552003352,0.11138569392916702,980.960693359375,21726.367187499996
signbit/f64/10000,logical,signbit,10000,N/A,2451.20849609375,26080.56640625,10.63988087827373,NumPy,0.09752297652846376,0.1304712052850185,2898.929443359375,29202.441406249996
signbit/f64/100000,logical,signbit,100000,N/A,20945.556640625,71131.640625,3.3960253167507837,NumPy,0.10616929676110974,0.11753595706912501,24468.9697265625,77116.19140625
signbit/f64/1000000,logical,signbit,1000000,N/A,433109.375,607840.625,1.4034344673328765,NumPy,0.20208666879128365,0.1870531401689646,660371.5624999999,787707.4999999999
sin/f64/1000,unary,sin,1000,N/A,5498.1689453125,34443.06640625,6.264461268621922,NumPy,0.09992759485571323,0.07631664855235284,6638.5302734375,37571.6796875
sin/f64/10000,unary,sin,10000,N/A,46699.21875,163440.625,3.499857800083647,NumPy,0.0979032241819355,0.09554695771149932,53828.26171874999,201127.8125
sin/f64/100000,unary,sin,100000,N/A,467662.5,1541537.5,3.2962606580600324,NumPy,0.09740227105098549,0.08861682109264524,552262.96875,1715733.7499999998
sin/f64/1000000,unary,sin,1000000,N/A,6523375.0,15182700.0,2.3274302029241,NumPy,0.07091035883604421,0.06599399608254428,7239477.5,17200975.0
softmax/f64/10000,misc_axis,softmax,10000,numpy-1.25/task8-misc-axis-v1,96519.140625,177749.21875,1.8415955384497085,NumPy,0.13359260846321855,0.13187202256917394,116627.109375,214912.38281249997
softmax/f64/1000000,misc_axis,softmax,1000000,numpy-1.25/task8-misc-axis-v1,13933300.0,16448800.0,1.1805387094227497,NumPy,0.09039860667782343,0.07786036891953015,16198055.0,18342340.0
softmax_axis0_strided/f64/512x512/axis0,misc_axis,softmax_axis0_strided,512x512,numpy-1.25/task8-misc-axis-v1,3840662.5,8109700.0,2.1115367465899437,NumPy,0.12344431473891129,0.09840882679193624,4548826.25,9163727.5
softmax_axis_last/f64/512x512/axis1,misc_axis,softmax_axis_last,512x512,numpy-1.25/task8-misc-axis-v1,3564612.5,7063075.0,1.98144258316998,NumPy,0.0923155513257676,0.16415097532123576,4070502.5,8869585.0
solve/f64/128x128,linalg,solve,128x128,numpy-1.25/task9-linalg-v1,35684900.0,1652756.25,0.046315283215029326,cnumpy,0.24941829644411523,0.10695270909865218,48771309.99999999,1868320.6249999998
solve/f64/32x32,linalg,solve,32x32,numpy-1.25/task9-linalg-v1,1646462.5,49773.2421875,0.030230413500155637,cnumpy,0.09118408353408335,0.13045577946898118,1885737.5,64837.1875
solve/f64/512x512,linalg,solve,512x512,numpy-1.25/task9-linalg-v1,479729400.0,89994300.0,0.1875938810504422,cnumpy,0.19560694880965554,0.07753248522416566,638328549.9999999,97488150.0
sort/f64/1000,sorting,sort,1000,numpy-1.25/task7-sort-set-v1,15580.908203125,115873.828125,7.436911033322156,NumPy,0.1551808674572631,0.07902933370378126,20223.955078124996,129634.3359375
sort/f64/10000,sorting,sort,10000,numpy-1.25/task7-sort-set-v1,633785.9375,1343868.75,2.1203827199147978,NumPy,0.05980473924239454,0.13143002114885907,685932.03125,1707644.9999999998
sort/f64/100000,sorting,sort,100000,numpy-1.25/task7-sort-set-v1,6518825.0,15386200.0,2.360271981530414,NumPy,0.1155191151084261,0.1268907968675096,8202037.499999999,19028860.0
sort/f64/1000000,sorting,sort,1000000,numpy-1.25/task7-sort-set-v1,69315600.0,160638400.0,2.317492743336276,NumPy,0.08979584872375754,0.06024487520599884,77901689.99999999,173219490.0
sort_complex/f64/10000,sorting,sort_complex,10000,N/A,659334.375,1584518.75,2.4032096764255617,NumPy,0.06685703932236878,0.0653883234895806,734206.5625,1814194.9999999998
sort_complex/f64/1000000,sorting,sort_complex,1000000,N/A,70335400.0,180164100.0,2.5614996147032647,NumPy,0.05787387245903256,0.039784670210112734,77004880.0,192603620.0
sort_heapsort/f64/10000,sorting,sort_heapsort,10000,numpy-1.25/task7-sort-set-v1,842521.875,2112237.5,2.5070417311123228,NumPy,0.05283540589955016,0.08206566253939229,931589.0624999999,2336228.75
sort_heapsort/f64/1000000,sorting,sort_heapsort,1000000,numpy-1.25/task7-sort-set-v1,166938400.0,379163300.0,2.2712767104512803,NumPy,0.11653017670745928,0.07042247880064638,209855250.0,418841869.99999994
sort_mergesort/f64/10000,sorting,sort_mergesort,10000,numpy-1.25/task7-sort-set-v1,345267.1875,376532.8125,1.0905548691909799,NumPy,0.110020094678111,0.09618635704616324,429260.78125,445408.43749999994
sort_mergesort/f64/1000000,sorting,sort_mergesort,1000000,numpy-1.25/task7-sort-set-v1,62075200.0,48795500.0,0.7860707657808593,cnumpy,0.10486910587233458,0.05375743886708885,69818260.0,52651990.0
sort_stable/f64/10000,sorting,sort_stable,10000,numpy-1.25/task7-sort-set-v1,362650.0,378915.625,1.04485213015304,NumPy,0.14601806772917522,0.06815777186309298,448777.03125,410082.1875
sort_stable/f64/1000000,sorting,sort_stable,1000000,numpy-1.25/task7-sort-set-v1,61027600.0,46916600.0,0.7687767501917165,cnumpy,0.1025641469260041,0.054889549113245846,69342980.0,53048110.0
sort_stable_nan/f64/10000,sorting,sort_stable_nan,10000,numpy-1.25/task7-sort-set-v1,247429.6875,361560.9375,1.4612674055129298,NumPy,0.1274507605341247,0.10991930447090467,299432.265625,443040.15624999994
sort_stable_nan/f64/1000000,sorting,sort_stable_nan,1000000,numpy-1.25/task7-sort-set-v1,40901200.0,45087500.0,1.1023515202487946,NumPy,0.07441262680380296,0.08116589120616854,45759790.0,53936150.0
sqrt/f64/1000,unary,sqrt,1000,N/A,1920.111083984375,16194.3359375,8.434062004316717,NumPy,0.08898223275415167,0.08211721009702194,2076.866455078125,18226.6455078125
sqrt/f64/10000,unary,sqrt,10000,N/A,12376.806640625,33063.18359375,2.671382413394509,NumPy,0.148071155413205,0.10744989525649437,16373.393554687498,37922.28515625
sqrt/f64/100000,unary,sqrt,100000,N/A,111320.3125,171178.125,1.5377079093269703,NumPy,0.0737448181179676,0.12810673993214194,124113.7109375,205159.21875
sqrt/f64/1000000,unary,sqrt,1000000,N/A,2460225.0,3780700.0,1.5367293641841702,NumPy,0.05058357818293055,0.11938155027259183,2614865.0,4433472.499999999
sqrt_into/f64/1000,preallocated,sqrt_into,1000,N/A,1607.794189453125,9387.939453125,5.839018149653976,NumPy,0.044614058415763,0.10435117815275029,1748.779296875,11703.4130859375
sqrt_into/f64/10000,preallocated,sqrt_into,10000,N/A,11632.2265625,18873.6328125,1.622529677451853,NumPy,0.09916976880833672,0.1208607675063595,13780.185546875,24925.3662109375
sqrt_into/f64/100000,preallocated,sqrt_into,100000,N/A,126873.4375,119724.21875,0.9436507838766487,cnumpy,0.14906533113229448,0.04997036980384843,157089.765625,130379.765625
sqrt_into/f64/1000000,preallocated,sqrt_into,1000000,N/A,1116556.25,1227287.5,1.0991721196312323,NumPy,0.1221384316466979,0.06965210883805872,1386474.3749999998,1384435.3125
std/f64/1000,reduction,std,1000,numpy-1.25/task6-reduction-v1,16140.52734375,9701.8798828125,0.6010881600203293,cnumpy,0.15623370905444406,0.07718201372719055,21566.757812499996,10710.37353515625
std/f64/10000,reduction,std,10000,numpy-1.25/task6-reduction-v1,27298.4375,31859.86328125,1.1670947570259287,NumPy,0.1522876332940272,0.08176714995595753,34114.73632812499,35416.5625
std/f64/100000,reduction,std,100000,numpy-1.25/task6-reduction-v1,184363.28125,197323.4375,1.0702968409009048,NumPy,0.19103951084213894,0.10479085909438311,254821.09375,238294.140625
std/f64/1000000,reduction,std,1000000,numpy-1.25/task6-reduction-v1,6758875.0,2360806.25,0.34928982264060215,cnumpy,0.11558021540548484,0.169035029277256,8319330.0,3228157.4999999995
subtract/f64/1000,binary,subtract,1000,N/A,1092.0654296875,20079.833984375,18.38702465851423,NumPy,0.06847885384089468,0.1031902742993934,1151.5432739257812,23644.848632812496
subtract/f64/10000,binary,subtract,10000,N/A,4210.58349609375,18175.29296875,4.31657345961946,NumPy,0.14815300132347226,0.15746075448568836,5307.593994140624,25051.953124999996
subtract/f64/100000,binary,subtract,100000,N/A,70697.0703125,122022.65625,1.725993109907202,NumPy,0.04500694153683571,0.08593614812770438,75865.56640625,140464.99999999997
subtract/f64/1000000,binary,subtract,1000000,N/A,2753837.5,2703212.5,0.9816165623425492,cnumpy,0.05851305313235445,0.053893634589322885,2909018.75,2911550.0
sum/f64/1000,reduction,sum,1000,numpy-1.25/task6-reduction-v1,3729.1259765625,8007.71484375,2.14734361190219,NumPy,0.12603715043480704,0.08340178718118836,4145.718994140625,8611.54052734375
sum/f64/10000,reduction,sum,10000,numpy-1.25/task6-reduction-v1,7323.3642578125,11477.734375,1.567276182221259,NumPy,0.12350785299465629,0.12323154119103943,8977.7685546875,14279.565429687498
sum/f64/100000,reduction,sum,100000,numpy-1.25/task6-reduction-v1,44708.10546875,57921.2890625,1.295543357411683,NumPy,0.14906889124429448,0.13829023648587108,52980.08789062499,65360.292968749985
sum/f64/1000000,reduction,sum,1000000,numpy-1.25/task6-reduction-v1,459467.1875,798268.75,1.7373792334191438,NumPy,0.11334348779478479,0.3267583367965619,536389.0625,1240127.4999999993
sum_axis_last/f64/128x128/axis1,reduction,sum_axis_last,128x128,numpy-1.25/task6-reduction-v1,7980.0537109375,26253.515625,3.2898920954650723,NumPy,0.06882135382812636,0.1695698913027771,9045.00732421875,34812.81249999999
sum_axis_last/f64/32x32/axis1,reduction,sum_axis_last,32x32,numpy-1.25/task6-reduction-v1,3549.609375,20452.734375,5.761967646087818,NumPy,0.07574762364506235,0.14540569230020686,4013.536376953125,25918.017578124996
sum_axis_last/f64/512x512/axis1,reduction,sum_axis_last,512x512,numpy-1.25/task6-reduction-v1,101424.21875,157868.359375,1.5565154094420866,NumPy,0.06064652807901873,0.1524171621812917,111087.3828125,194509.14062499994
svd/f64/128x128,linalg,svd,128x128,numpy-1.25/task9-linalg-v1,136212900.0,32696300.0,0.2400382048983613,cnumpy,0.06518219558744526,0.07285359506926527,147913290.0,36394680.0
svd/f64/32x32,linalg,svd,32x32,numpy-1.25/task9-linalg-v1,216942.1875,585817.1875,2.700337791606347,NumPy,0.14876685063315356,0.11423582735505931,243961.87499999997,658525.625
take/f64/1000,indexing,take,1000,N/A,3998.66943359375,23267.67578125,5.8188545384054144,NumPy,0.08715965184956778,0.24224693212476808,4501.743164062499,36157.37304687499
take/f64/10000,indexing,take,10000,N/A,23156.34765625,61556.25,2.658288384411334,NumPy,0.0888369902126108,0.10356409085186079,27063.73046875,70275.8984375
take/f64/100000,indexing,take,100000,N/A,179383.59375,419006.25,2.3358114376053414,NumPy,0.13630297071847639,0.21109226356464106,219567.81249999997,630872.8125
take/f64/1000000,indexing,take,1000000,N/A,2181450.0,8033025.0,3.6824245341401363,NumPy,0.08728299148203156,0.24910496701782867,2561827.5,12391079.999999998
take_axis0_block/f64/512x512/axis0,indexing,take_axis0_block,512x512,N/A,336931.25,430581.25,1.277949878498952,NumPy,0.05836090532199364,0.11163751764135678,376476.40625,517018.90625
take_axis0_strided/f64/512x512/axis0,indexing,take_axis0_strided,512x512,N/A,2239025.0,1535356.25,0.6857253715344849,cnumpy,0.10718080253011822,0.1299368649906763,2548654.375,2005277.5
tanh/f64/1000,unary,tanh,1000,N/A,7468.84765625,26789.84375,3.586877786639819,NumPy,0.14879530518603515,0.10175143831118744,10125.869140625,29706.357421875
tanh/f64/10000,unary,tanh,10000,N/A,91362.890625,100980.859375,1.1052721590156014,NumPy,0.13976018695030798,0.1328322108790212,113511.1328125,118303.203125
tanh/f64/100000,unary,tanh,100000,N/A,908909.375,1056025.0,1.1618595088206676,NumPy,0.1042580163651317,0.13996606743815193,1004327.5,1164832.1875
tanh/f64/1000000,unary,tanh,1000000,N/A,9519850.0,9502050.0,0.9981302226400626,cnumpy,0.17162853166769032,0.12658162885015464,12520094.999999996,11630520.0
transpose_copy/f64/128x128,shape,transpose_copy,128x128,N/A,17801.07421875,33267.28515625,1.8688358212230434,NumPy,0.0649085190349806,0.10073184586317334,19126.708984375,37006.65039062499
transpose_copy/f64/32x32,shape,transpose_copy,32x32,N/A,2087.60986328125,18912.59765625,9.059450230094084,NumPy,0.10123322966422484,0.07369228431018215,2462.7978515625,21495.60546875
transpose_copy/f64/512x512,shape,transpose_copy,512x512,N/A,1521556.25,800318.75,0.5259869623617267,cnumpy,0.07689938479855049,0.07844140548570044,1664273.125,934437.8124999999
trapz/f64/10000,misc_axis,trapz,10000,numpy-1.25/task8-misc-axis-v1,27353.02734375,22425.48828125,0.8198539781145683,cnumpy,0.1417707879299531,0.08660226264066415,34943.80859375,25346.005859374996
trapz/f64/1000000,misc_axis,trapz,1000000,numpy-1.25/task8-misc-axis-v1,8550850.0,3602800.0,0.42133822953273653,cnumpy,0.08094711311631451,0.06324344862490351,10122470.0,4054310.0
trapz_axis0_strided/f64/512x512/axis0,misc_axis,trapz_axis0_strided,512x512,numpy-1.25/task8-misc-axis-v1,2641600.0,11186800.0,4.234857662023017,NumPy,0.13448448332497348,0.1264025145471451,3386994.9999999995,14131030.0
trapz_axis_last/f64/512x512/axis1,misc_axis,trapz_axis_last,512x512,numpy-1.25/task8-misc-axis-v1,2475200.0,190691.40625,0.07704080730850033,cnumpy,0.11375588554849812,0.16294803645569178,3028663.7499999995,254860.23437499997
union1d_duplicates/f64/10000,set,union1d_duplicates,10000,numpy-1.25/task7-sort-set-v1,389918.75,1128234.375,2.8935114687354737,NumPy,0.11678034859685814,0.1460372797008009,440351.25,1443213.7499999998
union1d_duplicates/f64/1000000,set,union1d_duplicates,1000000,numpy-1.25/task7-sort-set-v1,45687500.0,129512900.0,2.8347556771545825,NumPy,0.08887163732503164,0.04577315106435175,52244979.99999999,141424590.0
unique_duplicates/f64/10000,set,unique_duplicates,10000,numpy-1.25/task7-sort-set-v1,347393.75,1082043.75,3.114747314826476,NumPy,0.10468198622092043,0.11026285705581101,404586.71875,1306557.4999999998
unique_duplicates/f64/1000000,set,unique_duplicates,1000000,numpy-1.25/task7-sort-set-v1,38820200.0,129776500.0,3.3430147191410655,NumPy,0.04389603303690954,0.0645327365221335,41070950.0,141802990.0
unique_nan/f64/10000,set,unique_nan,10000,numpy-1.25/task7-sort-set-v1,292782.8125,988887.5,3.377546282707425,NumPy,0.054047287114289376,0.08332793122756764,306264.921875,1079127.1875
unique_nan/f64/1000000,set,unique_nan,1000000,numpy-1.25/task7-sort-set-v1,37516100.0,112742000.0,3.005163116635258,NumPy,0.08998542119508278,0.07349788246157184,43213379.99999999,128052909.99999999
unpackbits/u8/10000,misc_axis,unpackbits,10000,numpy-1.25/task8-misc-axis-v1,6071.97265625,25369.921875,4.1782009424706885,NumPy,0.13586014334023358,0.12357472673861047,7493.25927734375,31329.599609374996
unpackbits/u8/1000000,misc_axis,unpackbits,1000000,numpy-1.25/task8-misc-axis-v1,2104437.5,2802462.5,1.3316919604407353,NumPy,0.08720033338241673,0.11295090380578703,2377050.625,3546388.75
unpackbits_axis0_strided/u8/512x512/axis0,misc_axis,unpackbits_axis0_strided,512x512,numpy-1.25/task8-misc-axis-v1,738053.125,2764825.0,3.7461056749810524,NumPy,0.16517444302942166,0.16963463183193436,840396.25,3732657.4999999995
unpackbits_axis_last/u8/512x512/axis1,misc_axis,unpackbits_axis_last,512x512,numpy-1.25/task8-misc-axis-v1,627878.125,642193.75,1.0228000059724967,NumPy,0.06525896014209503,0.1390947234539629,686053.125,851438.4374999999
zeros/f64/1000,creation,zeros,1000,N/A,706.2408447265625,18450.439453125,26.124854702036547,NumPy,0.1209512321931985,0.09201320578200173,811.3539123535156,21726.07421875
zeros/f64/10000,creation,zeros,10000,N/A,2670.88623046875,24136.328125,9.036823751479668,NumPy,0.13893869267846085,0.11648753458158449,3193.68896484375,26353.0078125
zeros/f64/100000,creation,zeros,100000,N/A,17987.40234375,27268.9453125,1.5160024105412317,NumPy,0.13825861300301215,0.08163486479060054,24052.363281249996,31302.197265625
zeros/f64/1000000,creation,zeros,1000000,N/A,22612.59765625,22857.32421875,1.0108225762568397,NumPy,0.11417949247828016,0.16921290821780344,27085.654296874996,31942.548828124996
